Restaurant,Address,Distance from 94th & Caribbean,FILTER: Distance Category,Website URL,General type of food,Level,FILTER: Type of Food,FILTER: Level,Been Before?,Reservations?,View,Hours,Notes,Menu link or file,Source URL
Bull on the Beach,"17 94th St, Ocean City, MD 21842",approx. 0.2 mi,Walkable,https://www.bullonthebeachoc.com/,Pit beef / American,Casual,American,Casual,FALSE,,,,"Extremely close; open-pit beef, ribs, bar food; easy default.",https://www.bullonthebeachoc.com/94th-street-menu,https://www.bullonthebeachoc.com/94th-street-menu
Blue Fish Restaurant & Bar,"9401 Coastal Hwy, Ocean City, MD 21842",approx. 0.2 mi,Walkable,https://www.bluefishocmd.com/,Asian fusion / sushi,Casual sit-down,Asian,Casual,FALSE,,,,"Very close; sushi, Chinese, Thai, boba; good broad menu.",https://www.bluefishocmd.com/menu,https://www.bluefishocmd.com/menu
Liquid Assets,"9301 Coastal Hwy, Ocean City, MD 21842",approx. 0.2 mi,Walkable,https://la94.com/,American / wine bar,Casual upscale,BBQ,Midrange,FALSE,,,,Very close; strong food and wine/cheese-shop vibe; good parent-friendly choice.,https://la94.com/ocean-city-maryland-restaurant-menu/,https://la94.com/ocean-city-maryland-restaurant-menu/
Layton's on 92nd,"9204 Coastal Hwy, Ocean City, MD 21842",approx. 0.3 mi,Walkable,https://www.visitmaryland.org/listing/american/laytons-92nd,Breakfast / American,Casual breakfast,Beef,Casual,FALSE,,,,"Very close; breakfast/lunch hours, not dinner.",https://www.roostcafeandbistro.com/laytons-on-92nd-21842/,https://www.restaurantji.com/md/ocean-city/laytons-/
Trattoria Lombardi's,"9203 Coastal Hwy, Ocean City, MD 21842",approx. 0.3 mi,Walkable,https://lombardisrestaurant.com/,Italian / pizza,Casual family,Breakfast,Casual,FALSE,,,,Very close; long-running family Italian/pizza option.,https://lombardisrestaurant.com/menu/,https://lombardisrestaurant.com/menu/
The Current Oceanfront Bar & Grille,"9100 Coastal Hwy, Ocean City, MD 21842",approx. 0.3 mi,Walkable,https://princessroyale.com/ocean-city-dining/,American / seafood,Casual hotel restaurant,Brunch,Casual,FALSE,,,,Princess Royale oceanfront option; convenient near 94th.,https://princessroyale.com/menu/the-current/,https://princessroyale.com/menu/the-current/
Schooners Restaurant,"9100 Coastal Hwy, Ocean City, MD 21842",approx. 0.3 mi,Walkable,https://www.schoonersoceanfront.com/,American / seafood,Casual hotel restaurant,Burgers,Casual,FALSE,,,,Princess Royale oceanfront; seasonal hours; close to 94th.,https://visitmarylandscoast.org/listing/schooners-restaurant,https://visitmarylandscoast.org/listing/schooners-restaurant
Jolly Jellyfish Beach Club,"9800 Coastal Hwy, Ocean City, MD 21842",approx. 0.4 mi,Walkable,https://www.jollyjellyfishbeachclub.com/,American / bar & grill,Casual beach club,Cafe,Casual,FALSE,,Seaside,,Newer seaside spot; shares location reference with Chesapeake & Capri.,https://www.jollyjellyfishbeachclub.com/menu,https://www.jollyjellyfishbeachclub.com/menu
Chesapeake & Capri,"9800 Coastal Hwy, Ocean City, MD 21842",approx. 0.4 mi,Drive,https://www.jollyjellyfishbeachclub.com/,Italian / coastal,Fancy-ish / intimate,Caribbean,Fancy,FALSE,,,,Appears tied to Jolly Jellyfish at 9800 Coastal Hwy; verify current concept before committing.,https://www.jollyjellyfishbeachclub.com/menu,https://www.jollyjellyfishbeachclub.com/
Wahoo Beach Bar,"On the Beach, 10100 Coastal Hwy, Ocean City, MD 21842",approx. 0.6 mi,Drive,https://ashoreoceanfronthotel.com/dining-nightlife/wahoo-beach-bar/,American / beach bar,Extra casual oceanfront,Cheesesteaks,Casual,FALSE,,,,At Ashore Resort beach level; live music and beach-bar atmosphere.,https://ashoreoceanfronthotel.com/dining-nightlife/wahoo-beach-bar/wahoo-beach-bar-menu/,https://ashoreoceanfronthotel.com/dining-nightlife/wahoo-beach-bar/wahoo-beach-bar-menu/
Tide Room,"10100 Coastal Hwy, Ocean City, MD 21842",approx. 0.6 mi,Drive,https://tideroomoceancity.com/,Coastal / American,Fancy / upscale,Coffee,Fancy,FALSE,,Oceanfront,,"At Ashore Resort; oceanfront, locally sourced, more upscale.",https://tideroomoceancity.com/menu/,https://tideroomoceancity.com/menu/
Ropewalk Ocean City,"8203 Coastal Hwy, Ocean City, MD 21842",approx. 0.8 mi,Drive,https://oceancity.ropewalk.com/,Seafood / American,Casual waterfront,Deli,,FALSE,,Bayfront (deck),,"Bayfront deck, fire pits, family-friendly; great near 94th.",https://oceancity.ropewalk.com/menu/,https://oceancity.ropewalk.com/menu/
The Hobbit Restaurant,"121 81st St #101, Ocean City, MD 21842",approx. 0.9 mi,Drive,https://www.thehobbitrestaurant.com/,American / seafood,Fancy / nicer dinner,Dessert,Fancy,FALSE,,Bayview,,Reservations recommended; bay views; best for nicer family dinner.,https://www.thehobbitrestaurant.com/menu,https://www.thehobbitrestaurant.com/menu
Tino's Mexican Grill,"8101 Coastal Hwy, Ocean City, MD 21842",approx. 0.9 mi,Drive,https://tinosmexicangrill.com/,Mexican,Fast casual,Diner,Fancy,FALSE,,,,Counter-service/fast casual Mexican; easy takeout.,https://tinosmexicangrill.com/menu,https://tinosmexicangrill.com/menu
Quay Cafe,"10700 Coastal Hwy, Ocean City, MD 21842",approx. 0.9 mi,Drive,https://www.clover.com/online-ordering/quay-cafe-ocean-city,Coffee / cafe,Takeout / extra casual,Donuts,Takeout,FALSE,,,,Coffee/cafe; direct menu via Clover; better for breakfast/snack.,https://www.clover.com/online-ordering/quay-cafe-ocean-city,https://www.clover.com/online-ordering/quay-cafe-ocean-city
Midtown Roadhouse,"7805 Coastal Hwy Suite 2, Ocean City, MD 21842",approx. 1.0 mi,Drive,https://www.findglocal.com/US/Ocean-City/581333658391340/Midtown-Roadhouse,American / tacos / burgers,Casual sports bar,Frozen Custard,Casual,FALSE,,,,Newer/local sports-bar style; official website/menu hard to verify.,https://restaurantguru.com/Midtown-Roadhouse-Eats-Ocean-City/menu,https://www.findglocal.com/US/Ocean-City/581333658391340/Midtown-Roadhouse
By the Bay Creamery,"7801 Coastal Hwy, Ocean City, MD 21842",approx. 1.0 mi,Drive,https://www.oceancity.com/restaurants-and-bars/by-the-bay-creamery/,Ice cream / dessert,Takeout / dessert only,Ice Cream,Takeout,FALSE,,,,"Dessert stop, not dinner. Direct official site/menu not found; directory used.",https://www.menupix.com/maryland/restaurants/33623282/By-the-Bay-Creamery-Ocean-City-MD,https://www.oceancity.com/restaurants-and-bars/by-the-bay-creamery/
Saltwater 75,"115 75th St, Ocean City, MD 21842",approx. 1.1 mi,Drive,https://www.saltwater75.com/,Seafood / American,Casual waterfront,Italian,,FALSE,,Bayfront (rooftop),,Bayfront/rooftop; seafood and steaks; good sunset option.,https://www.saltwater75.com/general-5,https://www.saltwater75.com/
The Bayside Skillet,"7701 Coastal Hwy, Ocean City, MD 21842",approx. 1.1 mi,Drive,https://thebaysideskillet.com/,Breakfast / crepes,Casual/upscale breakfast,Mediterranean,Midrange,FALSE,,,,Breakfast/crepes; not a dinner choice.,https://thebaysideskillet.com/,https://thebaysideskillet.com/
Seaside Deli Beer & Wine,"7207 Coastal Hwy, Ocean City, MD 21842",approx. 1.3 mi,Drive,https://www.seasidedelibeerandwine.com/,Deli / sandwiches,Takeout / extra casual,Mexican,Takeout,FALSE,,,,"Sandwiches, beer/wine, groceries; good low-stress carryout.",https://www.seasidedelibeerandwine.com/menu,https://www.seasidedelibeerandwine.com/menu
Route 66 Diner,"6909 Coastal Hwy, Ocean City, MD 21842",approx. 1.4 mi,Drive,https://www.route66dineroc.com/,Diner / American,Casual,Pit Beef,Casual,FALSE,,,,All-day breakfast plus comfort food; simple family option.,https://www.route66dineroc.com/main-menu,https://www.route66dineroc.com/main-menu
Fast Eddie's,"11805 Coastal Hwy Unit T, Ocean City, MD 21842",approx. 1.4 mi,Drive,https://fasteddiesoc.com/,Burgers / bar food,Casual sports bar,Pizza,Casual,FALSE,,,,Known for smash burgers; live music/happy hour; simple menu.,https://fasteddiesoc.com/menu,https://fasteddiesoc.com/menu
OC Kabob and Grill,"11805 Coastal Hwy, Ocean City, MD 21842",approx. 1.4 mi,Drive,https://ockabobgrillmenu.com/,Mediterranean,Fast casual,Sandwiches,Fancy,FALSE,,,,Kabobs/falafel/hummus; good takeout alternative.,https://ockabobgrillmenu.com/,https://ockabobgrillmenu.com/
Longboard Cafe,"6701 Coastal Hwy, Ocean City, MD 21842",approx. 1.6 mi,Drive,https://www.longboardcafe.net/,American / seafood,Casual sit-down,Seafood,Casual,FALSE,,,,Surf-themed bistro; reservations recommended in-season.,https://www.longboardcafe.net/served-all-day-menu,https://www.longboardcafe.net/served-all-day-menu
Tailchasers Restaurant & Dock Bar,"12203 Coastal Hwy Unit B, Ocean City, MD 21842",approx. 1.6 mi,Drive,https://www.tailchasersoc.com/,Seafood / American,Casual waterfront,Smoothies,,FALSE,,,,"Farm-to-table-ish seafood, dock bar, rooftop, children’s playground.",https://www.tailchasersoc.com/dinnermenu,https://www.tailchasersoc.com/dinnermenu
Dumser's Dairyland Restaurant,"12305 Coastal Hwy, Ocean City, MD 21842",approx. 1.6 mi,Drive,https://dumsersdairyland.com/,American / ice cream,Extra casual,Steakhouse,Casual,FALSE,,,,Old-fashioned diner/ice cream; good for simple meal plus dessert.,https://dumsersdairyland.com/dining/,https://dumsersdairyland.com/dining/
Dumser's Dairyland,"12305 Coastal Hwy, Ocean City, MD 21842",approx. 1.6 mi,Drive,https://dumsersdairyland.com/,Ice cream / American,Extra casual,Sushi,Casual,FALSE,,,,Likely duplicate of Dumser’s Dairyland Restaurant row; use as dessert/family casual.,https://dumsersdairyland.com/dining/,https://dumsersdairyland.com/
Pablo's Bowls North OC,"12109 Coastal Hwy, Ocean City, MD 21842",approx. 1.6 mi,Drive,https://www.pablosbowls.com/,Açaí / smoothies,Takeout / extra casual,Tacos,Takeout,FALSE,,,,Breakfast/lunch/snack; not a dinner main unless you want bowls.,https://www.pablosbowls.com/,https://visitmarylandscoast.org/listing/pablos-bowls-north-oc
Barrio Taco,"108 64th St, Ocean City, MD 21842",approx. 1.7 mi,Drive,https://barrio64.com/,Mexican,Casual,Tapas,Casual,FALSE,,,,Tacos/Mexican; shares the 64th St complex with Annabelle’s and Border Bar.,https://barrio64.com/,https://barrio64.com/contact/
Border Bar,"104 64th St, Ocean City, MD 21842",approx. 1.7 mi,Drive,https://ocborderbar.com/,Mexican / BBQ,Casual,Wine Bar,Casual,FALSE,,,,Combo concept where Barrio Taco meets Annabelle’s BBQ.,https://ocborderbar.com/media/files/border-bar-menu.pdf,https://ocborderbar.com/
Annabelle's BBQ & Creamery,"6401 Coastal Hwy, Ocean City, MD 21842",approx. 1.7 mi,Drive,https://annabellesbbq.com/,BBQ,Extra casual,,Casual,FALSE,,,,Southern BBQ plus creamery; easy for takeout-style family dinner.,https://annabellesbbq.com/menu/,https://annabellesbbq.com/menu/
Dead Freddies Island Grill,"105 64th St, Ocean City, MD 21842",approx. 1.7 mi,Drive,https://www.deadfreddies.com/,American / seafood,Very casual / kid-friendly,,Casual,FALSE,,,,"Sandy play area/pirate ship; strong family option, may be busy/noisy.",https://www.deadfreddies.com/menus,https://www.deadfreddies.com/menus
Northside Pit & Pub,"12701 Coastal Hwy Suite 8, Ocean City, MD 21842",approx. 1.8 mi,Drive,https://www.pitandpub.com/,BBQ / American,Casual pub,,Casual,FALSE,,,,BBQ/pub; good casual family option in North OC.,https://www.pitandpub.com/uptown-northside.html,https://www.pitandpub.com/uptown-northside.html
Sea Bay Bar & Grille,"6049 Coastal Hwy, Ocean City, MD 21842",approx. 1.9 mi,Drive,https://seabaybarandgrille.com/,Breakfast / American,Casual hotel cafe,,Casual,FALSE,,,,Inside Best Western Plus; breakfast/lunch/dinner depending on seasonal hours.,https://seabaybarandgrille.com/menu/,https://seabaybarandgrille.com/menu/
Cafe Mirage,"12817 Coastal Hwy, Ocean City, MD 21842",approx. 1.9 mi,Drive,https://www.cafemirageocmd.com/,American / seafood,Casual nice,,Casual,FALSE,,,,Dinner-focused; modern American with seafood; check specials.,https://www.cafemirageocmd.com/menu,https://www.cafemirageocmd.com/menu
Tequila Mockingbird,"12919 Coastal Hwy, Ocean City, MD 21842",approx. 1.9 mi,Drive,https://www.octequila.com/,Mexican,Casual sit-down,,Casual,FALSE,,,,North OC Mexican; large tequila/margarita list.,https://www.octequila.com/menu-1,https://www.octequila.com/menu-1
Fager's Island,"201 60th St, Ocean City, MD 21842",approx. 1.9 mi,Drive,https://www.fagers.com/,Seafood / American,Ranges casual deck to nicer dining,,Casual,FALSE,,,,Sunset classic; fine dining room takes reservations; deck/bar first-come.,https://www.fagers.com/fooddrink,https://www.fagers.com/fooddrink
Ocean Pines Yacht Club,"1 Mumford’s Landing Rd, Ocean Pines, MD 21811",approx. 10-12 mi,Longer Trip,https://www.yachtcluboceanpines.com/,Coastal American,Casual waterfront,,,FALSE,,Waterfront,,"Outside OC; waterfront, Touch of Italy affiliation; requires drive.",https://www.yachtcluboceanpines.com/restaurant-menu/,https://www.yachtcluboceanpines.com/restaurant-menu/
Bad Monkey Bar & Grill,"5801 Coastal Hwy, Ocean City, MD 21842",approx. 2.0 mi,Drive,https://badmonkeyoc.com/,American / bar food,Casual bar & grill,,Casual,FALSE,,,,"Breakfast, lunch, dinner; bar scene but family-friendly earlier.",https://badmonkeyoc.com/,https://badmonkeyoc.com/
Johnny's Pizza & Pub,"5601 Coastal Hwy, Ocean City, MD 21842",approx. 2.1 mi,Drive,https://johnnyspizzapub.com/,Pizza / pub,Casual,,Casual,FALSE,,,,"Pizza, wings, subs; easy with kids and picky eaters.",https://johnnyspizzapub.com/menu/,https://johnnyspizzapub.com/menu/
Albertino's Brick Oven Eatery,"13117 Coastal Hwy, Ocean City, MD 21842",approx. 2.1 mi,Drive,https://albertinosoc.com/,Italian / pizza,Casual sit-down,,Casual,FALSE,,,,Brick-oven pizza and Italian; generally dinner-focused.,https://albertinosoc.com/,https://albertinosoc.com/
Fractured Prune,"5601 Coastal Hwy, Ocean City, MD 21842",approx. 2.1 mi,Drive,https://fracturedprune.com/,Donuts / breakfast,Takeout / breakfast,,Takeout,FALSE,,,,"Donut stop, not dinner. Multiple OC locations; 56th/81st likely closest options.",https://fracturedprune.com/locations/,https://fracturedprune.com/locations/
Macky's Bayside Bar & Grill,"5311 Coastal Hwy, Ocean City, MD 21842",approx. 2.2 mi,Drive,https://www.mackys.com/,American / seafood,Casual waterfront / nightlife later,,,FALSE,,Bayfront sunset view,,Bayfront sunset spot; can turn nightlife-y later.,https://www.mackys.com/food-and-drink,https://www.mackys.com/food-and-drink
Seacrets,"117 49th St, Ocean City, MD 21842",approx. 2.5 mi,Drive,https://seacrets.com/,Caribbean / bar food,Casual party atmosphere,,Casual,FALSE,,,,Iconic bayfront; fun but can be loud/party-oriented.,https://seacrets.com/dining/,https://seacrets.com/dining/
DRY 85 OC,"12 48th St, Ocean City, MD 21842",approx. 2.5 mi,Drive,https://www.dry85.com/ocean-city/,American / burgers,Casual upscale bar,,Midrange,FALSE,,,,Whiskey/bourbon focus; gourmet comfort food; better for adults/older kids.,https://www.dry85.com/ocean-city/,https://www.dry85.com/ocean-city/
45th Street Taphouse,"4507 Coastal Hwy, Ocean City, MD 21842",approx. 2.7 mi,Drive,https://www.octaphouses.com/taphouse45th,American / seafood,Casual waterfront,,,FALSE,,Bayfront (patio),,Bayfront patio; good sunset option; full bar; family-friendly.,https://www.octaphouses.com/taphouse45th,https://www.octaphouses.com/taphouse45th
Rita's Italian Ice,"4101 Coastal Hwy, Ocean City, MD 21842",approx. 2.9 mi,Drive,https://www.ritasice.com/,Dessert / frozen custard,Takeout / dessert only,,Takeout,FALSE,,,,Dessert only; 41st St location.,https://www.ritasice.com/menu/,https://www.restaurantji.com/md/ocean-city/ritas-italian-ice-2/
Barn 34,"3400 Coastal Hwy, Ocean City, MD 21842",approx. 3.2 mi,Longer Trip,https://www.barn34oc.com/,Breakfast / American,Casual brunch spot,,Casual,FALSE,,,,Open daily 8am-2pm in current listing; not a dinner option unless hours change.,https://www.barn34oc.com/,https://www.barn34oc.com/
Shotti's Point Ocean City,"3505 Coastal Hwy, Ocean City, MD 21842",approx. 3.2 mi,Longer Trip,https://www.shottispoint.com/,American / tacos / pizza,Casual funky,,Casual,FALSE,,,,"Wood-fired pizza, tacos, wings, seafood; local favorite vibe.",https://www.shottispoint.com/ocean-city-menu,https://www.shottispoint.com/ocean-city-menu
Tony Luke's,"3324 Coastal Hwy, Ocean City, MD 21842",approx. 3.2 mi,Longer Trip,https://tonylukes.com/stores/tony-lukes-ocean-city/,Cheesesteaks / sandwiches,Fast casual,,Fancy,FALSE,,,,"Philly cheesesteaks, roast pork, chicken cutlets; easy casual.",https://tonylukes.com/menu/,https://tonylukes.com/stores/tony-lukes-ocean-city/
Ocean 13,"106 32nd St, Ocean City, MD 21842",approx. 3.3 mi,Longer Trip,https://www.ocean13ocmd.com/,Seafood / steakhouse,Casual sit-down,,Casual,FALSE,,,,"Seafood, steaks, live music; farther south.",https://www.ocean13ocmd.com/menu,https://www.ocean13ocmd.com/menu
Marlin Moon,"3301 Atlantic Ave, Ocean City, MD 21842",approx. 4.0 mi,Longer Trip,https://marlinmoonocmd.com/,Seafood / American,Casual upscale,,Midrange,FALSE,,Oceanview,,Hotel restaurant at DoubleTree; seafood and breakfast; nice ocean views.,https://marlinmoonocmd.com/,https://marlinmoonocmd.com/
Brass Balls Saloon,"1105 Atlantic Ave, Ocean City, MD 21842",approx. 5.1 mi,Longer Trip,https://www.brassballsoc.com/,American / bar food,Casual boardwalk,,Casual,FALSE,,Boardwalk,,Boardwalk bar/restaurant; breakfast through late-night vibe.,https://www.brassballsoc.com/menu-lunch-dinner/,https://www.brassballsoc.com/menu-lunch-dinner/
Cabanas Beach Bar & Grille,"109 N Atlantic Ave, Ocean City, MD 21842",approx. 5.7 mi,Longer Trip,https://www.cabanasoc.com/,American / beach bar,Casual boardwalk,,Casual,FALSE,,Boardwalk,,Large groups; 2nd Street boardwalk; more of a downtown trip.,https://www.cabanasoc.com/menus/our-menu,https://www.cabanasoc.com/menus/our-menu
Spain Wine Bar,"13 St Louis Ave, Ocean City, MD",approx. 6.0 mi,Longer Trip,https://www.spainwinebar.com/,Tapas / Brunch,,,,FALSE,,,,,,
Matt's Fish Camp,"700 Coastal Hwy, Fenwick Island, DE 19944",approx. 6.5-7 mi,Longer Trip,https://www.mattsfishcampbethany.com/,Seafood,Casual sit-down,,Casual,FALSE,,,,Fenwick location is closest; New England-style seafood; farther than OC options.,https://www.mattsfishcampbethany.com/mfc-menus,https://www.mattsfishcampbethany.com/mfc-menus
Harpoon Hanna's,"39064 Harpoon Rd, Fenwick Island, DE 19944",approx. 6.5-7 mi,Longer Trip,https://harpoonhannasrestaurant.com/,Seafood / American,Casual waterfront,,,FALSE,,Waterfront,,"Fenwick, DE; big waterfront restaurant; farther but group-friendly.",https://harpoonhannasrestaurant.com/menu/,https://harpoonhannasrestaurant.com/menu/
Harborside Bar & Grill,"12841 Harbor Rd, Ocean City, MD 21842",approx. 7-9 mi,Longer Trip,https://www.weocharborside.com/,Seafood / American,Casual waterfront,,,FALSE,,,,"Assumed match for “Ocean side”; West OC harbor, original Orange Crush.",https://www.weocharborside.com/menu,https://www.weocharborside.com/menu
,,,,,,,,,FALSE,,,,,,
,,,,,,,,,FALSE,,,,,,
,,,,,,,,,FALSE,,,,,,
nearest ice cream shops,,,,,,,,,FALSE,,,,,,
,,,,,,,,,FALSE,,,,,,
,,,,,,,,,FALSE,,,,,,
,,,,,,,,,FALSE,,,,,,
,,,,,,,,,FALSE,,,,,,
,,,,,,,,,FALSE,,,,,,
,,,,,,,,,FALSE,,,,,,
,,,,,,,,,FALSE,,,,,,
,,,,,,,,,FALSE,,,,,,
,,,,,,,,,FALSE,,,,,,
,,,,,,,,,FALSE,,,,,,
,,,,,,,,,FALSE,,,,,,
,,,,,,,,,FALSE,,,,,,
,,,,,,,,,FALSE,,,,,,
,,,,,,,,,FALSE,,,,,,
,,,,,,,,,FALSE,,,,,,
,,,,,,,,,FALSE,,,,,,
,,,,,,,,,FALSE,,,,,,
,,,,,,,,,FALSE,,,,,,
,,,,,,,,,FALSE,,,,,,
,,,,,,,,,FALSE,,,,,,
,,,,,,,,,FALSE,,,,,,
,,,,,,,,,FALSE,,,,,,
,,,,,,,,,FALSE,,,,,,
,,,,,,,,,FALSE,,,,,,
,,,,,,,,,FALSE,,,,,,
,,,,,,,,,FALSE,,,,,,
,,,,,,,,,FALSE,,,,,,
,,,,,,,,,FALSE,,,,,,
,,,,,,,,,FALSE,,,,,,
,,,,,,,,,FALSE,,,,,,
,,,,,,,,,FALSE,,,,,,
,,,,,,,,,FALSE,,,,,,
,,,,,,,,,FALSE,,,,,,
,,,,,,,,,FALSE,,,,,,
,,,,,,,,,FALSE,,,,,,
,,,,,,,,,FALSE,,,,,,
,,,,,,,,,FALSE,,,,,,
,,,,,,,,,FALSE,,,,,,
,,,,,,,,,FALSE,,,,,,
,,,,,,,,,FALSE,,,,,,
,,,,,,,,,FALSE,,,,,,
,,,,,,,,,FALSE,,,,,,
,,,,,,,,,FALSE,,,,,,
,,,,,,,,,FALSE,,,,,,
,,,,,,,,,FALSE,,,,,,
,,,,,,,,,FALSE,,,,,,
,,,,,,,,,FALSE,,,,,,
,,,,,,,,,FALSE,,,,,,
,,,,,,,,,FALSE,,,,,,
,,,,,,,,,FALSE,,,,,,
,,,,,,,,,FALSE,,,,,,
,,,,,,,,,FALSE,,,,,,
,,,,,,,,,FALSE,,,,,,
,,,,,,,,,FALSE,,,,,,
,,,,,,,,,FALSE,,,,,,
,,,,,,,,,FALSE,,,,,,
,,,,,,,,,FALSE,,,,,,
,,,,,,,,,FALSE,,,,,,
,,,,,,,,,FALSE,,,,,,
,,,,,,,,,FALSE,,,,,,
,,,,,,,,,FALSE,,,,,,
,,,,,,,,,FALSE,,,,,,
,,,,,,,,,FALSE,,,,,,
,,,,,,,,,FALSE,,,,,,
,,,,,,,,,FALSE,,,,,,
,,,,,,,,,FALSE,,,,,,
,,,,,,,,,FALSE,,,,,,
,,,,,,,,,FALSE,,,,,,
,,,,,,,,,FALSE,,,,,,
,,,,,,,,,FALSE,,,,,,
,,,,,,,,,FALSE,,,,,,
,,,,,,,,,FALSE,,,,,,
,,,,,,,,,FALSE,,,,,,
,,,,,,,,,FALSE,,,,,,
,,,,,,,,,FALSE,,,,,,
,,,,,,,,,FALSE,,,,,,
,,,,,,,,,FALSE,,,,,,
,,,,,,,,,FALSE,,,,,,
,,,,,,,,,FALSE,,,,,,
,,,,,,,,,FALSE,,,,,,
,,,,,,,,,FALSE,,,,,,
,,,,,,,,,FALSE,,,,,,
,,,,,,,,,FALSE,,,,,,
,,,,,,,,,FALSE,,,,,,
,,,,,,,,,FALSE,,,,,,
,,,,,,,,,FALSE,,,,,,
,,,,,,,,,FALSE,,,,,,
,,,,,,,,,FALSE,,,,,,
,,,,,,,,,FALSE,,,,,,
,,,,,,,,,FALSE,,,,,,
,,,,,,,,,FALSE,,,,,,
,,,,,,,,,FALSE,,,,,,
,,,,,,,,,FALSE,,,,,,
,,,,,,,,,FALSE,,,,,,
,,,,,,,,,FALSE,,,,,,
,,,,,,,,,FALSE,,,,,,
,,,,,,,,,FALSE,,,,,,
,,,,,,,,,FALSE,,,,,,
,,,,,,,,,FALSE,,,,,,
,,,,,,,,,FALSE,,,,,,
,,,,,,,,,FALSE,,,,,,
,,,,,,,,,FALSE,,,,,,
,,,,,,,,,FALSE,,,,,,
,,,,,,,,,FALSE,,,,,,
,,,,,,,,,FALSE,,,,,,
,,,,,,,,,FALSE,,,,,,
,,,,,,,,,FALSE,,,,,,
,,,,,,,,,FALSE,,,,,,
,,,,,,,,,FALSE,,,,,,
,,,,,,,,,FALSE,,,,,,
,,,,,,,,,FALSE,,,,,,
,,,,,,,,,FALSE,,,,,,
,,,,,,,,,FALSE,,,,,,
,,,,,,,,,FALSE,,,,,,
,,,,,,,,,FALSE,,,,,,
,,,,,,,,,FALSE,,,,,,
,,,,,,,,,FALSE,,,,,,
,,,,,,,,,FALSE,,,,,,
,,,,,,,,,FALSE,,,,,,
,,,,,,,,,FALSE,,,,,,
,,,,,,,,,FALSE,,,,,,
,,,,,,,,,FALSE,,,,,,
,,,,,,,,,FALSE,,,,,,
,,,,,,,,,FALSE,,,,,,
,,,,,,,,,FALSE,,,,,,
,,,,,,,,,FALSE,,,,,,
,,,,,,,,,FALSE,,,,,,
,,,,,,,,,FALSE,,,,,,
,,,,,,,,,FALSE,,,,,,
,,,,,,,,,FALSE,,,,,,
,,,,,,,,,FALSE,,,,,,
,,,,,,,,,FALSE,,,,,,
,,,,,,,,,FALSE,,,,,,
,,,,,,,,,FALSE,,,,,,
,,,,,,,,,FALSE,,,,,,
,,,,,,,,,FALSE,,,,,,
,,,,,,,,,FALSE,,,,,,
,,,,,,,,,FALSE,,,,,,
,,,,,,,,,FALSE,,,,,,
,,,,,,,,,FALSE,,,,,,
,,,,,,,,,FALSE,,,,,,
,,,,,,,,,FALSE,,,,,,
,,,,,,,,,FALSE,,,,,,
,,,,,,,,,FALSE,,,,,,
,,,,,,,,,FALSE,,,,,,
,,,,,,,,,FALSE,,,,,,
,,,,,,,,,FALSE,,,,,,
,,,,,,,,,FALSE,,,,,,
,,,,,,,,,FALSE,,,,,,
,,,,,,,,,FALSE,,,,,,
,,,,,,,,,FALSE,,,,,,
,,,,,,,,,FALSE,,,,,,
,,,,,,,,,FALSE,,,,,,
,,,,,,,,,FALSE,,,,,,
,,,,,,,,,FALSE,,,,,,
,,,,,,,,,FALSE,,,,,,
,,,,,,,,,FALSE,,,,,,
,,,,,,,,,FALSE,,,,,,
,,,,,,,,,FALSE,,,,,,
,,,,,,,,,FALSE,,,,,,
,,,,,,,,,FALSE,,,,,,
,,,,,,,,,FALSE,,,,,,
,,,,,,,,,FALSE,,,,,,
,,,,,,,,,FALSE,,,,,,
,,,,,,,,,FALSE,,,,,,
,,,,,,,,,FALSE,,,,,,
,,,,,,,,,FALSE,,,,,,
,,,,,,,,,FALSE,,,,,,
,,,,,,,,,FALSE,,,,,,
,,,,,,,,,FALSE,,,,,,
,,,,,,,,,FALSE,,,,,,
,,,,,,,,,FALSE,,,,,,
,,,,,,,,,FALSE,,,,,,
,,,,,,,,,FALSE,,,,,,
,,,,,,,,,FALSE,,,,,,
,,,,,,,,,FALSE,,,,,,
,,,,,,,,,FALSE,,,,,,
,,,,,,,,,FALSE,,,,,,
,,,,,,,,,FALSE,,,,,,
,,,,,,,,,FALSE,,,,,,
,,,,,,,,,FALSE,,,,,,
,,,,,,,,,FALSE,,,,,,
,,,,,,,,,FALSE,,,,,,
,,,,,,,,,FALSE,,,,,,
,,,,,,,,,FALSE,,,,,,
,,,,,,,,,FALSE,,,,,,
,,,,,,,,,FALSE,,,,,,
,,,,,,,,,FALSE,,,,,,
,,,,,,,,,FALSE,,,,,,
,,,,,,,,,FALSE,,,,,,
,,,,,,,,,FALSE,,,,,,
,,,,,,,,,FALSE,,,,,,
,,,,,,,,,FALSE,,,,,,
,,,,,,,,,FALSE,,,,,,
,,,,,,,,,FALSE,,,,,,
,,,,,,,,,FALSE,,,,,,
,,,,,,,,,FALSE,,,,,,
,,,,,,,,,FALSE,,,,,,
,,,,,,,,,FALSE,,,,,,
,,,,,,,,,FALSE,,,,,,
,,,,,,,,,FALSE,,,,,,
,,,,,,,,,FALSE,,,,,,
,,,,,,,,,FALSE,,,,,,
,,,,,,,,,FALSE,,,,,,
,,,,,,,,,FALSE,,,,,,
,,,,,,,,,FALSE,,,,,,
,,,,,,,,,FALSE,,,,,,
,,,,,,,,,FALSE,,,,,,
,,,,,,,,,FALSE,,,,,,
,,,,,,,,,FALSE,,,,,,
,,,,,,,,,FALSE,,,,,,
,,,,,,,,,FALSE,,,,,,
,,,,,,,,,FALSE,,,,,,
,,,,,,,,,FALSE,,,,,,
,,,,,,,,,FALSE,,,,,,
,,,,,,,,,FALSE,,,,,,
,,,,,,,,,FALSE,,,,,,
,,,,,,,,,FALSE,,,,,,
,,,,,,,,,FALSE,,,,,,
,,,,,,,,,FALSE,,,,,,
,,,,,,,,,FALSE,,,,,,
,,,,,,,,,FALSE,,,,,,
,,,,,,,,,FALSE,,,,,,
,,,,,,,,,FALSE,,,,,,
,,,,,,,,,FALSE,,,,,,
,,,,,,,,,FALSE,,,,,,
,,,,,,,,,FALSE,,,,,,
,,,,,,,,,FALSE,,,,,,
,,,,,,,,,FALSE,,,,,,
,,,,,,,,,FALSE,,,,,,
,,,,,,,,,FALSE,,,,,,
,,,,,,,,,FALSE,,,,,,
,,,,,,,,,FALSE,,,,,,
,,,,,,,,,FALSE,,,,,,
,,,,,,,,,FALSE,,,,,,
,,,,,,,,,FALSE,,,,,,
,,,,,,,,,FALSE,,,,,,
,,,,,,,,,FALSE,,,,,,
,,,,,,,,,FALSE,,,,,,
,,,,,,,,,FALSE,,,,,,
,,,,,,,,,FALSE,,,,,,
,,,,,,,,,FALSE,,,,,,
,,,,,,,,,FALSE,,,,,,
,,,,,,,,,FALSE,,,,,,
,,,,,,,,,FALSE,,,,,,
,,,,,,,,,FALSE,,,,,,
,,,,,,,,,FALSE,,,,,,
,,,,,,,,,FALSE,,,,,,
,,,,,,,,,FALSE,,,,,,
,,,,,,,,,FALSE,,,,,,
,,,,,,,,,FALSE,,,,,,
,,,,,,,,,FALSE,,,,,,
,,,,,,,,,FALSE,,,,,,
,,,,,,,,,FALSE,,,,,,
,,,,,,,,,FALSE,,,,,,
,,,,,,,,,FALSE,,,,,,
,,,,,,,,,FALSE,,,,,,
,,,,,,,,,FALSE,,,,,,
,,,,,,,,,FALSE,,,,,,
,,,,,,,,,FALSE,,,,,,
,,,,,,,,,FALSE,,,,,,
,,,,,,,,,FALSE,,,,,,
,,,,,,,,,FALSE,,,,,,
,,,,,,,,,FALSE,,,,,,
,,,,,,,,,FALSE,,,,,,
,,,,,,,,,FALSE,,,,,,
,,,,,,,,,FALSE,,,,,,
,,,,,,,,,FALSE,,,,,,
,,,,,,,,,FALSE,,,,,,
,,,,,,,,,FALSE,,,,,,
,,,,,,,,,FALSE,,,,,,
,,,,,,,,,FALSE,,,,,,
,,,,,,,,,FALSE,,,,,,
,,,,,,,,,FALSE,,,,,,
,,,,,,,,,FALSE,,,,,,
,,,,,,,,,FALSE,,,,,,
,,,,,,,,,FALSE,,,,,,
,,,,,,,,,FALSE,,,,,,
,,,,,,,,,FALSE,,,,,,
,,,,,,,,,FALSE,,,,,,
,,,,,,,,,FALSE,,,,,,
,,,,,,,,,FALSE,,,,,,
,,,,,,,,,FALSE,,,,,,
,,,,,,,,,FALSE,,,,,,
,,,,,,,,,FALSE,,,,,,
,,,,,,,,,FALSE,,,,,,
,,,,,,,,,FALSE,,,,,,
,,,,,,,,,FALSE,,,,,,
,,,,,,,,,FALSE,,,,,,
,,,,,,,,,FALSE,,,,,,
,,,,,,,,,FALSE,,,,,,
,,,,,,,,,FALSE,,,,,,
,,,,,,,,,FALSE,,,,,,
,,,,,,,,,FALSE,,,,,,
,,,,,,,,,FALSE,,,,,,
,,,,,,,,,FALSE,,,,,,
,,,,,,,,,FALSE,,,,,,
,,,,,,,,,FALSE,,,,,,
,,,,,,,,,FALSE,,,,,,
,,,,,,,,,FALSE,,,,,,
,,,,,,,,,FALSE,,,,,,
,,,,,,,,,FALSE,,,,,,
,,,,,,,,,FALSE,,,,,,
,,,,,,,,,FALSE,,,,,,
,,,,,,,,,FALSE,,,,,,
,,,,,,,,,FALSE,,,,,,
,,,,,,,,,FALSE,,,,,,
,,,,,,,,,FALSE,,,,,,
,,,,,,,,,FALSE,,,,,,
,,,,,,,,,FALSE,,,,,,
,,,,,,,,,FALSE,,,,,,
,,,,,,,,,FALSE,,,,,,
,,,,,,,,,FALSE,,,,,,
,,,,,,,,,FALSE,,,,,,
,,,,,,,,,FALSE,,,,,,
,,,,,,,,,FALSE,,,,,,
,,,,,,,,,FALSE,,,,,,
,,,,,,,,,FALSE,,,,,,
,,,,,,,,,FALSE,,,,,,
,,,,,,,,,FALSE,,,,,,
,,,,,,,,,FALSE,,,,,,
,,,,,,,,,FALSE,,,,,,
,,,,,,,,,FALSE,,,,,,
,,,,,,,,,FALSE,,,,,,
,,,,,,,,,FALSE,,,,,,
,,,,,,,,,FALSE,,,,,,
,,,,,,,,,FALSE,,,,,,
,,,,,,,,,FALSE,,,,,,
,,,,,,,,,FALSE,,,,,,
,,,,,,,,,FALSE,,,,,,
,,,,,,,,,FALSE,,,,,,
,,,,,,,,,FALSE,,,,,,
,,,,,,,,,FALSE,,,,,,
,,,,,,,,,FALSE,,,,,,
,,,,,,,,,FALSE,,,,,,
,,,,,,,,,FALSE,,,,,,
,,,,,,,,,FALSE,,,,,,
,,,,,,,,,FALSE,,,,,,
,,,,,,,,,FALSE,,,,,,
,,,,,,,,,FALSE,,,,,,
,,,,,,,,,FALSE,,,,,,
,,,,,,,,,FALSE,,,,,,
,,,,,,,,,FALSE,,,,,,
,,,,,,,,,FALSE,,,,,,
,,,,,,,,,FALSE,,,,,,
,,,,,,,,,FALSE,,,,,,
,,,,,,,,,FALSE,,,,,,
,,,,,,,,,FALSE,,,,,,
,,,,,,,,,FALSE,,,,,,
,,,,,,,,,FALSE,,,,,,
,,,,,,,,,FALSE,,,,,,
,,,,,,,,,FALSE,,,,,,
,,,,,,,,,FALSE,,,,,,
,,,,,,,,,FALSE,,,,,,
,,,,,,,,,FALSE,,,,,,
,,,,,,,,,FALSE,,,,,,
,,,,,,,,,FALSE,,,,,,
,,,,,,,,,FALSE,,,,,,
,,,,,,,,,FALSE,,,,,,
,,,,,,,,,FALSE,,,,,,
,,,,,,,,,FALSE,,,,,,
,,,,,,,,,FALSE,,,,,,
,,,,,,,,,FALSE,,,,,,
,,,,,,,,,FALSE,,,,,,
,,,,,,,,,FALSE,,,,,,
,,,,,,,,,FALSE,,,,,,
,,,,,,,,,FALSE,,,,,,
,,,,,,,,,FALSE,,,,,,
,,,,,,,,,FALSE,,,,,,
,,,,,,,,,FALSE,,,,,,
,,,,,,,,,FALSE,,,,,,
,,,,,,,,,FALSE,,,,,,
,,,,,,,,,FALSE,,,,,,
,,,,,,,,,FALSE,,,,,,
,,,,,,,,,FALSE,,,,,,
,,,,,,,,,FALSE,,,,,,
,,,,,,,,,FALSE,,,,,,
,,,,,,,,,FALSE,,,,,,
,,,,,,,,,FALSE,,,,,,
,,,,,,,,,FALSE,,,,,,
,,,,,,,,,FALSE,,,,,,
,,,,,,,,,FALSE,,,,,,
,,,,,,,,,FALSE,,,,,,
,,,,,,,,,FALSE,,,,,,
,,,,,,,,,FALSE,,,,,,
,,,,,,,,,FALSE,,,,,,
,,,,,,,,,FALSE,,,,,,
,,,,,,,,,FALSE,,,,,,
,,,,,,,,,FALSE,,,,,,
,,,,,,,,,FALSE,,,,,,
,,,,,,,,,FALSE,,,,,,
,,,,,,,,,FALSE,,,,,,
,,,,,,,,,FALSE,,,,,,
,,,,,,,,,FALSE,,,,,,
,,,,,,,,,FALSE,,,,,,
,,,,,,,,,FALSE,,,,,,
,,,,,,,,,FALSE,,,,,,
,,,,,,,,,FALSE,,,,,,
,,,,,,,,,FALSE,,,,,,
,,,,,,,,,FALSE,,,,,,
,,,,,,,,,FALSE,,,,,,
,,,,,,,,,FALSE,,,,,,
,,,,,,,,,FALSE,,,,,,
,,,,,,,,,FALSE,,,,,,
,,,,,,,,,FALSE,,,,,,
,,,,,,,,,FALSE,,,,,,
,,,,,,,,,FALSE,,,,,,
,,,,,,,,,FALSE,,,,,,
,,,,,,,,,FALSE,,,,,,
,,,,,,,,,FALSE,,,,,,
,,,,,,,,,FALSE,,,,,,
,,,,,,,,,FALSE,,,,,,
,,,,,,,,,FALSE,,,,,,
,,,,,,,,,FALSE,,,,,,
,,,,,,,,,FALSE,,,,,,
,,,,,,,,,FALSE,,,,,,
,,,,,,,,,FALSE,,,,,,
,,,,,,,,,FALSE,,,,,,
,,,,,,,,,FALSE,,,,,,
,,,,,,,,,FALSE,,,,,,
,,,,,,,,,FALSE,,,,,,
,,,,,,,,,FALSE,,,,,,
,,,,,,,,,FALSE,,,,,,
,,,,,,,,,FALSE,,,,,,
,,,,,,,,,FALSE,,,,,,
,,,,,,,,,FALSE,,,,,,
,,,,,,,,,FALSE,,,,,,
,,,,,,,,,FALSE,,,,,,
,,,,,,,,,FALSE,,,,,,
,,,,,,,,,FALSE,,,,,,
,,,,,,,,,FALSE,,,,,,
,,,,,,,,,FALSE,,,,,,
,,,,,,,,,FALSE,,,,,,
,,,,,,,,,FALSE,,,,,,
,,,,,,,,,FALSE,,,,,,
,,,,,,,,,FALSE,,,,,,
,,,,,,,,,FALSE,,,,,,
,,,,,,,,,FALSE,,,,,,
,,,,,,,,,FALSE,,,,,,
,,,,,,,,,FALSE,,,,,,
,,,,,,,,,FALSE,,,,,,
,,,,,,,,,FALSE,,,,,,
,,,,,,,,,FALSE,,,,,,
,,,,,,,,,FALSE,,,,,,
,,,,,,,,,FALSE,,,,,,
,,,,,,,,,FALSE,,,,,,
,,,,,,,,,FALSE,,,,,,
,,,,,,,,,FALSE,,,,,,
,,,,,,,,,FALSE,,,,,,
,,,,,,,,,FALSE,,,,,,
,,,,,,,,,FALSE,,,,,,
,,,,,,,,,FALSE,,,,,,
,,,,,,,,,FALSE,,,,,,
,,,,,,,,,FALSE,,,,,,
,,,,,,,,,FALSE,,,,,,
,,,,,,,,,FALSE,,,,,,
,,,,,,,,,FALSE,,,,,,
,,,,,,,,,FALSE,,,,,,
,,,,,,,,,FALSE,,,,,,
,,,,,,,,,FALSE,,,,,,
,,,,,,,,,FALSE,,,,,,
,,,,,,,,,FALSE,,,,,,
,,,,,,,,,FALSE,,,,,,
,,,,,,,,,FALSE,,,,,,
,,,,,,,,,FALSE,,,,,,
,,,,,,,,,FALSE,,,,,,
,,,,,,,,,FALSE,,,,,,
,,,,,,,,,FALSE,,,,,,
,,,,,,,,,FALSE,,,,,,
,,,,,,,,,FALSE,,,,,,
,,,,,,,,,FALSE,,,,,,
,,,,,,,,,FALSE,,,,,,
,,,,,,,,,FALSE,,,,,,
,,,,,,,,,FALSE,,,,,,
,,,,,,,,,FALSE,,,,,,
,,,,,,,,,FALSE,,,,,,
,,,,,,,,,FALSE,,,,,,
,,,,,,,,,FALSE,,,,,,
,,,,,,,,,FALSE,,,,,,
,,,,,,,,,FALSE,,,,,,
,,,,,,,,,FALSE,,,,,,
,,,,,,,,,FALSE,,,,,,
,,,,,,,,,FALSE,,,,,,
,,,,,,,,,FALSE,,,,,,
,,,,,,,,,FALSE,,,,,,
,,,,,,,,,FALSE,,,,,,
,,,,,,,,,FALSE,,,,,,
,,,,,,,,,FALSE,,,,,,
,,,,,,,,,FALSE,,,,,,
,,,,,,,,,FALSE,,,,,,
,,,,,,,,,FALSE,,,,,,
,,,,,,,,,FALSE,,,,,,
,,,,,,,,,FALSE,,,,,,
,,,,,,,,,FALSE,,,,,,
,,,,,,,,,FALSE,,,,,,
,,,,,,,,,FALSE,,,,,,
,,,,,,,,,FALSE,,,,,,
,,,,,,,,,FALSE,,,,,,
,,,,,,,,,FALSE,,,,,,
,,,,,,,,,FALSE,,,,,,
,,,,,,,,,FALSE,,,,,,
,,,,,,,,,FALSE,,,,,,
,,,,,,,,,FALSE,,,,,,
,,,,,,,,,FALSE,,,,,,
,,,,,,,,,FALSE,,,,,,
,,,,,,,,,FALSE,,,,,,
,,,,,,,,,FALSE,,,,,,
,,,,,,,,,FALSE,,,,,,
,,,,,,,,,FALSE,,,,,,
,,,,,,,,,FALSE,,,,,,
,,,,,,,,,FALSE,,,,,,
,,,,,,,,,FALSE,,,,,,
,,,,,,,,,FALSE,,,,,,
,,,,,,,,,FALSE,,,,,,
,,,,,,,,,FALSE,,,,,,
,,,,,,,,,FALSE,,,,,,
,,,,,,,,,FALSE,,,,,,
,,,,,,,,,FALSE,,,,,,
,,,,,,,,,FALSE,,,,,,
,,,,,,,,,FALSE,,,,,,
,,,,,,,,,FALSE,,,,,,
,,,,,,,,,FALSE,,,,,,
,,,,,,,,,FALSE,,,,,,
,,,,,,,,,FALSE,,,,,,
,,,,,,,,,FALSE,,,,,,
,,,,,,,,,FALSE,,,,,,
,,,,,,,,,FALSE,,,,,,
,,,,,,,,,FALSE,,,,,,
,,,,,,,,,FALSE,,,,,,
,,,,,,,,,FALSE,,,,,,
,,,,,,,,,FALSE,,,,,,
,,,,,,,,,FALSE,,,,,,
,,,,,,,,,FALSE,,,,,,
,,,,,,,,,FALSE,,,,,,
,,,,,,,,,FALSE,,,,,,
,,,,,,,,,FALSE,,,,,,
,,,,,,,,,FALSE,,,,,,
,,,,,,,,,FALSE,,,,,,
,,,,,,,,,FALSE,,,,,,
,,,,,,,,,FALSE,,,,,,
,,,,,,,,,FALSE,,,,,,
,,,,,,,,,FALSE,,,,,,
,,,,,,,,,FALSE,,,,,,
,,,,,,,,,FALSE,,,,,,
,,,,,,,,,FALSE,,,,,,
,,,,,,,,,FALSE,,,,,,
,,,,,,,,,FALSE,,,,,,
,,,,,,,,,FALSE,,,,,,
,,,,,,,,,FALSE,,,,,,
,,,,,,,,,FALSE,,,,,,
,,,,,,,,,FALSE,,,,,,
,,,,,,,,,FALSE,,,,,,
,,,,,,,,,FALSE,,,,,,
,,,,,,,,,FALSE,,,,,,
,,,,,,,,,FALSE,,,,,,
,,,,,,,,,FALSE,,,,,,
,,,,,,,,,FALSE,,,,,,
,,,,,,,,,FALSE,,,,,,
,,,,,,,,,FALSE,,,,,,
,,,,,,,,,FALSE,,,,,,
,,,,,,,,,FALSE,,,,,,
,,,,,,,,,FALSE,,,,,,
,,,,,,,,,FALSE,,,,,,
,,,,,,,,,FALSE,,,,,,
,,,,,,,,,FALSE,,,,,,
,,,,,,,,,FALSE,,,,,,
,,,,,,,,,FALSE,,,,,,
,,,,,,,,,FALSE,,,,,,
,,,,,,,,,FALSE,,,,,,
,,,,,,,,,FALSE,,,,,,
,,,,,,,,,FALSE,,,,,,
,,,,,,,,,FALSE,,,,,,
,,,,,,,,,FALSE,,,,,,
,,,,,,,,,FALSE,,,,,,
,,,,,,,,,FALSE,,,,,,
,,,,,,,,,FALSE,,,,,,
,,,,,,,,,FALSE,,,,,,
,,,,,,,,,FALSE,,,,,,
,,,,,,,,,FALSE,,,,,,
,,,,,,,,,FALSE,,,,,,
,,,,,,,,,FALSE,,,,,,
,,,,,,,,,FALSE,,,,,,
,,,,,,,,,FALSE,,,,,,
,,,,,,,,,FALSE,,,,,,
,,,,,,,,,FALSE,,,,,,
,,,,,,,,,FALSE,,,,,,
,,,,,,,,,FALSE,,,,,,
,,,,,,,,,FALSE,,,,,,
,,,,,,,,,FALSE,,,,,,
,,,,,,,,,FALSE,,,,,,
,,,,,,,,,FALSE,,,,,,
,,,,,,,,,FALSE,,,,,,
,,,,,,,,,FALSE,,,,,,
,,,,,,,,,FALSE,,,,,,
,,,,,,,,,FALSE,,,,,,
,,,,,,,,,FALSE,,,,,,
,,,,,,,,,FALSE,,,,,,
,,,,,,,,,FALSE,,,,,,
,,,,,,,,,FALSE,,,,,,
,,,,,,,,,FALSE,,,,,,
,,,,,,,,,FALSE,,,,,,
,,,,,,,,,FALSE,,,,,,
,,,,,,,,,FALSE,,,,,,
,,,,,,,,,FALSE,,,,,,
,,,,,,,,,FALSE,,,,,,
,,,,,,,,,FALSE,,,,,,
,,,,,,,,,FALSE,,,,,,
,,,,,,,,,FALSE,,,,,,
,,,,,,,,,FALSE,,,,,,
,,,,,,,,,FALSE,,,,,,
,,,,,,,,,FALSE,,,,,,
,,,,,,,,,FALSE,,,,,,
,,,,,,,,,FALSE,,,,,,
,,,,,,,,,FALSE,,,,,,
,,,,,,,,,FALSE,,,,,,
,,,,,,,,,FALSE,,,,,,
,,,,,,,,,FALSE,,,,,,
,,,,,,,,,FALSE,,,,,,
,,,,,,,,,FALSE,,,,,,
,,,,,,,,,FALSE,,,,,,
,,,,,,,,,FALSE,,,,,,
,,,,,,,,,FALSE,,,,,,
,,,,,,,,,FALSE,,,,,,
,,,,,,,,,FALSE,,,,,,
,,,,,,,,,FALSE,,,,,,
,,,,,,,,,FALSE,,,,,,
,,,,,,,,,FALSE,,,,,,
,,,,,,,,,FALSE,,,,,,
,,,,,,,,,FALSE,,,,,,
,,,,,,,,,FALSE,,,,,,
,,,,,,,,,FALSE,,,,,,
,,,,,,,,,FALSE,,,,,,
,,,,,,,,,FALSE,,,,,,
,,,,,,,,,FALSE,,,,,,
,,,,,,,,,FALSE,,,,,,
,,,,,,,,,FALSE,,,,,,
,,,,,,,,,FALSE,,,,,,
,,,,,,,,,FALSE,,,,,,
,,,,,,,,,FALSE,,,,,,
,,,,,,,,,FALSE,,,,,,
,,,,,,,,,FALSE,,,,,,
,,,,,,,,,FALSE,,,,,,
,,,,,,,,,FALSE,,,,,,
,,,,,,,,,FALSE,,,,,,
,,,,,,,,,FALSE,,,,,,
,,,,,,,,,FALSE,,,,,,
,,,,,,,,,FALSE,,,,,,
,,,,,,,,,FALSE,,,,,,
,,,,,,,,,FALSE,,,,,,
,,,,,,,,,FALSE,,,,,,
,,,,,,,,,FALSE,,,,,,
,,,,,,,,,FALSE,,,,,,
,,,,,,,,,FALSE,,,,,,
,,,,,,,,,FALSE,,,,,,
,,,,,,,,,FALSE,,,,,,
,,,,,,,,,FALSE,,,,,,
,,,,,,,,,FALSE,,,,,,
,,,,,,,,,FALSE,,,,,,
,,,,,,,,,FALSE,,,,,,
,,,,,,,,,FALSE,,,,,,
,,,,,,,,,FALSE,,,,,,
,,,,,,,,,FALSE,,,,,,
,,,,,,,,,FALSE,,,,,,
,,,,,,,,,FALSE,,,,,,
,,,,,,,,,FALSE,,,,,,
,,,,,,,,,FALSE,,,,,,
,,,,,,,,,FALSE,,,,,,
,,,,,,,,,FALSE,,,,,,
,,,,,,,,,FALSE,,,,,,
,,,,,,,,,FALSE,,,,,,
,,,,,,,,,FALSE,,,,,,
,,,,,,,,,FALSE,,,,,,
,,,,,,,,,FALSE,,,,,,
,,,,,,,,,FALSE,,,,,,
,,,,,,,,,FALSE,,,,,,
,,,,,,,,,FALSE,,,,,,
,,,,,,,,,FALSE,,,,,,
,,,,,,,,,FALSE,,,,,,
,,,,,,,,,FALSE,,,,,,
,,,,,,,,,FALSE,,,,,,
,,,,,,,,,FALSE,,,,,,
,,,,,,,,,FALSE,,,,,,
,,,,,,,,,FALSE,,,,,,
,,,,,,,,,FALSE,,,,,,
,,,,,,,,,FALSE,,,,,,
,,,,,,,,,FALSE,,,,,,
,,,,,,,,,FALSE,,,,,,
,,,,,,,,,FALSE,,,,,,
,,,,,,,,,FALSE,,,,,,
,,,,,,,,,FALSE,,,,,,
,,,,,,,,,FALSE,,,,,,
,,,,,,,,,FALSE,,,,,,
,,,,,,,,,FALSE,,,,,,
,,,,,,,,,FALSE,,,,,,
,,,,,,,,,FALSE,,,,,,
,,,,,,,,,FALSE,,,,,,
,,,,,,,,,FALSE,,,,,,
,,,,,,,,,FALSE,,,,,,
,,,,,,,,,FALSE,,,,,,
,,,,,,,,,FALSE,,,,,,
,,,,,,,,,FALSE,,,,,,
,,,,,,,,,FALSE,,,,,,
,,,,,,,,,FALSE,,,,,,
,,,,,,,,,FALSE,,,,,,
,,,,,,,,,FALSE,,,,,,
,,,,,,,,,FALSE,,,,,,
,,,,,,,,,FALSE,,,,,,
,,,,,,,,,FALSE,,,,,,
,,,,,,,,,FALSE,,,,,,
,,,,,,,,,FALSE,,,,,,
,,,,,,,,,FALSE,,,,,,
,,,,,,,,,FALSE,,,,,,
,,,,,,,,,FALSE,,,,,,
,,,,,,,,,FALSE,,,,,,
,,,,,,,,,FALSE,,,,,,
,,,,,,,,,FALSE,,,,,,
,,,,,,,,,FALSE,,,,,,
,,,,,,,,,FALSE,,,,,,
,,,,,,,,,FALSE,,,,,,
,,,,,,,,,FALSE,,,,,,
,,,,,,,,,FALSE,,,,,,
,,,,,,,,,FALSE,,,,,,
,,,,,,,,,FALSE,,,,,,
,,,,,,,,,FALSE,,,,,,
,,,,,,,,,FALSE,,,,,,
,,,,,,,,,FALSE,,,,,,
,,,,,,,,,FALSE,,,,,,
,,,,,,,,,FALSE,,,,,,
,,,,,,,,,FALSE,,,,,,
,,,,,,,,,FALSE,,,,,,
,,,,,,,,,FALSE,,,,,,
,,,,,,,,,FALSE,,,,,,
,,,,,,,,,FALSE,,,,,,
,,,,,,,,,FALSE,,,,,,
,,,,,,,,,FALSE,,,,,,
,,,,,,,,,FALSE,,,,,,
,,,,,,,,,FALSE,,,,,,
,,,,,,,,,FALSE,,,,,,
,,,,,,,,,FALSE,,,,,,
,,,,,,,,,FALSE,,,,,,
,,,,,,,,,FALSE,,,,,,
,,,,,,,,,FALSE,,,,,,
,,,,,,,,,FALSE,,,,,,
,,,,,,,,,FALSE,,,,,,
,,,,,,,,,FALSE,,,,,,
,,,,,,,,,FALSE,,,,,,
,,,,,,,,,FALSE,,,,,,
,,,,,,,,,FALSE,,,,,,
,,,,,,,,,FALSE,,,,,,
,,,,,,,,,FALSE,,,,,,
,,,,,,,,,FALSE,,,,,,
,,,,,,,,,FALSE,,,,,,
,,,,,,,,,FALSE,,,,,,
,,,,,,,,,FALSE,,,,,,
,,,,,,,,,FALSE,,,,,,
,,,,,,,,,FALSE,,,,,,
,,,,,,,,,FALSE,,,,,,
,,,,,,,,,FALSE,,,,,,
,,,,,,,,,FALSE,,,,,,
,,,,,,,,,FALSE,,,,,,
,,,,,,,,,FALSE,,,,,,
,,,,,,,,,FALSE,,,,,,
,,,,,,,,,FALSE,,,,,,
,,,,,,,,,FALSE,,,,,,
,,,,,,,,,FALSE,,,,,,
,,,,,,,,,FALSE,,,,,,
,,,,,,,,,FALSE,,,,,,
,,,,,,,,,FALSE,,,,,,
,,,,,,,,,FALSE,,,,,,
,,,,,,,,,FALSE,,,,,,
,,,,,,,,,FALSE,,,,,,
,,,,,,,,,FALSE,,,,,,
,,,,,,,,,FALSE,,,,,,
,,,,,,,,,FALSE,,,,,,
,,,,,,,,,FALSE,,,,,,
,,,,,,,,,FALSE,,,,,,
,,,,,,,,,FALSE,,,,,,
,,,,,,,,,FALSE,,,,,,
,,,,,,,,,FALSE,,,,,,
,,,,,,,,,FALSE,,,,,,
,,,,,,,,,FALSE,,,,,,
,,,,,,,,,FALSE,,,,,,
,,,,,,,,,FALSE,,,,,,
,,,,,,,,,FALSE,,,,,,
,,,,,,,,,FALSE,,,,,,
,,,,,,,,,FALSE,,,,,,
,,,,,,,,,FALSE,,,,,,
,,,,,,,,,FALSE,,,,,,
,,,,,,,,,FALSE,,,,,,
,,,,,,,,,FALSE,,,,,,
,,,,,,,,,FALSE,,,,,,
,,,,,,,,,FALSE,,,,,,
,,,,,,,,,FALSE,,,,,,
,,,,,,,,,FALSE,,,,,,
,,,,,,,,,FALSE,,,,,,
,,,,,,,,,FALSE,,,,,,
,,,,,,,,,FALSE,,,,,,
,,,,,,,,,FALSE,,,,,,
,,,,,,,,,FALSE,,,,,,
,,,,,,,,,FALSE,,,,,,
,,,,,,,,,FALSE,,,,,,
,,,,,,,,,FALSE,,,,,,
,,,,,,,,,FALSE,,,,,,
,,,,,,,,,FALSE,,,,,,
,,,,,,,,,FALSE,,,,,,
,,,,,,,,,FALSE,,,,,,
,,,,,,,,,FALSE,,,,,,
,,,,,,,,,FALSE,,,,,,
,,,,,,,,,FALSE,,,,,,
,,,,,,,,,FALSE,,,,,,
,,,,,,,,,FALSE,,,,,,
,,,,,,,,,FALSE,,,,,,
,,,,,,,,,FALSE,,,,,,
,,,,,,,,,FALSE,,,,,,
,,,,,,,,,FALSE,,,,,,
,,,,,,,,,FALSE,,,,,,
,,,,,,,,,FALSE,,,,,,
,,,,,,,,,FALSE,,,,,,
,,,,,,,,,FALSE,,,,,,
,,,,,,,,,FALSE,,,,,,
,,,,,,,,,FALSE,,,,,,
,,,,,,,,,FALSE,,,,,,
,,,,,,,,,FALSE,,,,,,
,,,,,,,,,FALSE,,,,,,
,,,,,,,,,FALSE,,,,,,
,,,,,,,,,FALSE,,,,,,
,,,,,,,,,FALSE,,,,,,
,,,,,,,,,FALSE,,,,,,
,,,,,,,,,FALSE,,,,,,
,,,,,,,,,FALSE,,,,,,
,,,,,,,,,FALSE,,,,,,
,,,,,,,,,FALSE,,,,,,
,,,,,,,,,FALSE,,,,,,
,,,,,,,,,FALSE,,,,,,
,,,,,,,,,FALSE,,,,,,
,,,,,,,,,FALSE,,,,,,
,,,,,,,,,FALSE,,,,,,
,,,,,,,,,FALSE,,,,,,
,,,,,,,,,FALSE,,,,,,
,,,,,,,,,FALSE,,,,,,
,,,,,,,,,FALSE,,,,,,
,,,,,,,,,FALSE,,,,,,
,,,,,,,,,FALSE,,,,,,
,,,,,,,,,FALSE,,,,,,
,,,,,,,,,FALSE,,,,,,
,,,,,,,,,FALSE,,,,,,
,,,,,,,,,FALSE,,,,,,
,,,,,,,,,FALSE,,,,,,
,,,,,,,,,FALSE,,,,,,
,,,,,,,,,FALSE,,,,,,
,,,,,,,,,FALSE,,,,,,
,,,,,,,,,FALSE,,,,,,
,,,,,,,,,FALSE,,,,,,
,,,,,,,,,FALSE,,,,,,
,,,,,,,,,FALSE,,,,,,
,,,,,,,,,FALSE,,,,,,
,,,,,,,,,FALSE,,,,,,
,,,,,,,,,FALSE,,,,,,
,,,,,,,,,FALSE,,,,,,
,,,,,,,,,FALSE,,,,,,
,,,,,,,,,FALSE,,,,,,
,,,,,,,,,FALSE,,,,,,
,,,,,,,,,FALSE,,,,,,
,,,,,,,,,FALSE,,,,,,
,,,,,,,,,FALSE,,,,,,
,,,,,,,,,FALSE,,,,,,
,,,,,,,,,FALSE,,,,,,
,,,,,,,,,FALSE,,,,,,
,,,,,,,,,FALSE,,,,,,
,,,,,,,,,FALSE,,,,,,
,,,,,,,,,FALSE,,,,,,
,,,,,,,,,FALSE,,,,,,
,,,,,,,,,FALSE,,,,,,
,,,,,,,,,FALSE,,,,,,
,,,,,,,,,FALSE,,,,,,
,,,,,,,,,FALSE,,,,,,
,,,,,,,,,FALSE,,,,,,
,,,,,,,,,FALSE,,,,,,
,,,,,,,,,FALSE,,,,,,
,,,,,,,,,FALSE,,,,,,
,,,,,,,,,FALSE,,,,,,
,,,,,,,,,FALSE,,,,,,
,,,,,,,,,FALSE,,,,,,
,,,,,,,,,FALSE,,,,,,
,,,,,,,,,FALSE,,,,,,
,,,,,,,,,FALSE,,,,,,
,,,,,,,,,FALSE,,,,,,
,,,,,,,,,FALSE,,,,,,
,,,,,,,,,FALSE,,,,,,
,,,,,,,,,FALSE,,,,,,
,,,,,,,,,FALSE,,,,,,
,,,,,,,,,FALSE,,,,,,
,,,,,,,,,FALSE,,,,,,
,,,,,,,,,FALSE,,,,,,
,,,,,,,,,FALSE,,,,,,
,,,,,,,,,FALSE,,,,,,
,,,,,,,,,FALSE,,,,,,
,,,,,,,,,FALSE,,,,,,
,,,,,,,,,FALSE,,,,,,
,,,,,,,,,FALSE,,,,,,
,,,,,,,,,FALSE,,,,,,
,,,,,,,,,FALSE,,,,,,
,,,,,,,,,FALSE,,,,,,
,,,,,,,,,FALSE,,,,,,
,,,,,,,,,FALSE,,,,,,
,,,,,,,,,FALSE,,,,,,
,,,,,,,,,FALSE,,,,,,
,,,,,,,,,FALSE,,,,,,
,,,,,,,,,FALSE,,,,,,
,,,,,,,,,FALSE,,,,,,
,,,,,,,,,FALSE,,,,,,
,,,,,,,,,FALSE,,,,,,
,,,,,,,,,FALSE,,,,,,
,,,,,,,,,FALSE,,,,,,
,,,,,,,,,FALSE,,,,,,
,,,,,,,,,FALSE,,,,,,
,,,,,,,,,FALSE,,,,,,
,,,,,,,,,FALSE,,,,,,
,,,,,,,,,FALSE,,,,,,
,,,,,,,,,FALSE,,,,,,
,,,,,,,,,FALSE,,,,,,
,,,,,,,,,FALSE,,,,,,
,,,,,,,,,FALSE,,,,,,
,,,,,,,,,FALSE,,,,,,
,,,,,,,,,FALSE,,,,,,
,,,,,,,,,FALSE,,,,,,
,,,,,,,,,FALSE,,,,,,
,,,,,,,,,FALSE,,,,,,
,,,,,,,,,FALSE,,,,,,
,,,,,,,,,FALSE,,,,,,
,,,,,,,,,FALSE,,,,,,
,,,,,,,,,FALSE,,,,,,
,,,,,,,,,FALSE,,,,,,
,,,,,,,,,FALSE,,,,,,
,,,,,,,,,FALSE,,,,,,
,,,,,,,,,FALSE,,,,,,